Categoría,Juego,Peso
Estrategia de Guerra y Militar,Card Game: The Card Game,0.9
Estrategia de Guerra y Militar,Photosynthesis,2.4
Estrategia de Guerra y Militar,Kingdomino,0.7
Estrategia de Guerra y Militar,5-Minute Marvel,0.7
Estrategia de Guerra y Militar,Baruka,0.7
Estrategia de Guerra y Militar,Forbidden Jungle,2.0999999999999996
Estrategia de Guerra y Militar,Forbidden Desert,2.8
Estrategia de Guerra y Militar,Bears vs Babies,1.6
Estrategia de Guerra y Militar,Flamme Rouge,0.7
Estrategia de Guerra y Militar,Turista Mundial,0.9
Estrategia de Guerra y Militar,My Little Scythe,3.0999999999999996
Estrategia de Guerra y Militar,Hanamikoji,1
Estrategia de Guerra y Militar,Ca$h 'n Guns: Second Edition,1.6
Estrategia de Guerra y Militar,Stoned: A Stone Snatching Game,0.9
Estrategia de Guerra y Militar,Kill The Unicorns,0.7
Estrategia de Guerra y Militar,Zombicide: Black Plague,2.0999999999999996
Estrategia de Guerra y Militar,Flash Point: Fire Rescue,2.0999999999999996
Estrategia de Guerra y Militar,Dead Men Tell No Tales,2.8
Estrategia de Guerra y Militar,How to Rob a Bank,1.5
Estrategia de Guerra y Militar,Kanban: Driver's Edition,0.7
Estrategia de Guerra y Militar,Stone Age,0.7
Estrategia de Guerra y Militar,La Rata Ricarda,0.7
Estrategia de Guerra y Militar,Silk,1
Estrategia de Guerra y Militar,"Hey, That's My Fish!",0.7
Estrategia de Guerra y Militar,Oceania,1
Estrategia de Guerra y Militar,Battlestar Galactica: Starship Battles – Starter Set,2.4000000000000004
Estrategia de Guerra y Militar,Dungeon Raiders,1.6
Estrategia de Guerra y Militar,Tiny Epic Galaxies BLAST OFF!,0.8
Estrategia de Guerra y Militar,Monsters Party: Voodoo Madness,0.9
Estrategia de Guerra y Militar,Merchants of Dunhuang,1.4
Estrategia de Guerra y Militar,Bitcoin Hackers,0.7
Estrategia de Guerra y Militar,Hero Realms,0.9
Estrategia de Guerra y Militar,Potato Pirates,1.7000000000000002
Estrategia de Guerra y Militar,Trending Kittens,1.7
Estrategia de Guerra y Militar,Dragon Farkle,0.7
Estrategia de Guerra y Militar,The Red Dragon Inn,1.6
Estrategia de Guerra y Militar,Legend of the Five Rings: The Card Game,2.3
Estrategia de Guerra y Militar,DogFight WW1,0.9
Estrategia de Guerra y Militar,Santorini,0.7
Estrategia de Guerra y Militar,Wingspan,1.5
Estrategia de Guerra y Militar,Planet,0.7
Estrategia de Guerra y Militar,Tokaido,0.7
Estrategia de Guerra y Militar,Struggle of Empires,1.9
Estrategia de Guerra y Militar,Holi: Festival of Colors,1
Estrategia de Guerra y Militar,Ishtar: Gardens of Babylon,1.7
Estrategia de Guerra y Militar,Terraforming Mars,2.0999999999999996
Estrategia de Guerra y Militar,Dune: Imperium,1.4
Estrategia de Guerra y Militar,Epic Roll: Eclipse,0.7
Estrategia de Guerra y Militar,Patchwork,1.4
Estrategia de Guerra y Militar,ICECOOL,0.9
Estrategia de Guerra y Militar,Century: Eastern Wonders,1.4
Estrategia de Guerra y Militar,Carcassonne,1
Estrategia de Guerra y Militar,CATAN,0.7
Estrategia de Guerra y Militar,Sea Dragons,1.7
Estrategia de Guerra y Militar,Cosmoctopus,1.6
Estrategia de Guerra y Militar,3 Ring Circus,1
Estrategia de Guerra y Militar,Pátzcuaro,0.7
Estrategia de Guerra y Militar,Weapon Wars,0.9
Estrategia de Guerra y Militar,One Deck Dungeon: Forest of Shadows,0.7
Estrategia de Guerra y Militar,Mazescape: Labýrinthos,0.7
Estrategia de Guerra y Militar,Impact: Battle of Elements,0.9
Estrategia de Guerra y Militar,The Oregon Trail Card Game,0.9
Estrategia de Guerra y Militar,Bump in the Night,0.7
Estrategia de Guerra y Militar,Risk: Godstorm,3.8
Estrategia de Guerra y Militar,Risk,2.8
Estrategia de Guerra y Militar,Nexus Ops,1.7
Estrategia de Guerra y Militar,Small World,2.5999999999999996
Estrategia de Guerra y Militar,7 Wonders,0.7
Estrategia de Guerra y Militar,A Game of Thrones: The Board Game (Second Edition),2.5
Estrategia de Guerra y Militar,Hannibal: Rome vs. Carthage,2
Estrategia de Guerra y Militar,Cyclades,1.9
Estrategia de Guerra y Militar,Tigris & Euphrates,1
Estrategia de Guerra y Militar,Torres,1.7
Estrategia de Guerra y Militar,Survive: Escape from Atlantis!,2.3
Estrategia de Guerra y Militar,Escape: Zombie City,0.7
Estrategia de Guerra y Militar,Gaia Project,2.0999999999999996
Estrategia de Guerra y Militar,King of Tokyo,0.9
Estrategia de Guerra y Militar,King of Tokyo: Dark Edition,0.9
Estrategia de Guerra y Militar,Snow Time,1
Estrategia de Guerra y Militar,Shoot Your Friends,0.9
Estrategia de Guerra y Militar,Gekido: Bot Battles,0.7
Estrategia de Guerra y Militar,Imhotep,1.7
Estrategia de Guerra y Militar,PitchCar,0.7
Estrategia de Guerra y Militar,Monopoly: Stranger Things,0.9
Estrategia de Guerra y Militar,Monopoly Gamer,0.7
Estrategia de Guerra y Militar,Zombie-opoly,1
Estrategia de Guerra y Militar,Coup,1.6
Estrategia de Guerra y Militar,BANG!,1.6
Estrategia de Guerra y Militar,BANG!: The Walking Dead,1.6
Estrategia de Guerra y Militar,Love Letter,0.9
Estrategia de Guerra y Militar,One Night Ultimate Alien,0.7
Estrategia de Guerra y Militar,BANG! The Dice Game,1.6
Estrategia de Guerra y Militar,Werewords,0.7
Estrategia de Guerra y Militar,One Night Ultimate Werewolf: Daybreak,0.7
Estrategia de Guerra y Militar,Exploding Kittens,0.9
Estrategia de Guerra y Militar,Trapwords,0.7
Estrategia de Guerra y Militar,The Game,0.9
Estrategia de Guerra y Militar,Betrayal at House on the Hill,2.3
Estrategia de Guerra y Militar,Castle Panic,1
Estrategia de Guerra y Militar,Magic Maze,1.4
Estrategia de Guerra y Militar,Dead of Winter: A Crossroads Game,3.0
Estrategia de Guerra y Militar,Mysterium,0.7
Estrategia de Guerra y Militar,Spirit Island,3.4000000000000004
Estrategia de Guerra y Militar,Pandemic,1.4
Estrategia de Guerra y Militar,Marvel Champions: The Card Game,1.4
Estrategia de Guerra y Militar,Dice Hospital,1.4
Estrategia de Guerra y Militar,Penguin Trap,0.9
Estrategia de Guerra y Militar,MAJESTY,0.9
Estrategia de Guerra y Militar,Broom Service,1.6
Estrategia de Guerra y Militar,Notre Dame,1
Estrategia de Guerra y Militar,Gentes,0.7
Estrategia de Guerra y Militar,New York 1901,1
Estrategia de Guerra y Militar,Fresco,1.5
Estrategia de Guerra y Militar,Luxor,0.7
Estrategia de Guerra y Militar,Ex Libris,0.7
Estrategia de Guerra y Militar,Bunny Kingdom,1
Estrategia de Guerra y Militar,Western Legends,3.0
Estrategia de Guerra y Militar,Milestones,0.7
Estrategia de Guerra y Militar,Magic: The Gathering – Heroes of Dominaria Board Game,0.7
Estrategia de Guerra y Militar,The Castles of Burgundy,0.7
Estrategia de Guerra y Militar,Ora et Labora,0.7
Estrategia de Guerra y Militar,Agricola,0.7
Estrategia de Guerra y Militar,Puerto Rico,0.7
Estrategia de Guerra y Militar,Newton,1.4
Estrategia de Guerra y Militar,Welcome to Centerville,1
Estrategia de Guerra y Militar,Cacao,1
Estrategia de Guerra y Militar,Roll for the Galaxy,0.7
Estrategia de Guerra y Militar,The World of Smog: On Her Majesty's Service,0.7
Estrategia de Guerra y Militar,Railways of the World,1.4
Estrategia de Guerra y Militar,Escape Plan,2.3
Estrategia de Guerra y Militar,Adrenaline,0.7
Estrategia de Guerra y Militar,Scotland Yard,1.7000000000000002
Estrategia de Guerra y Militar,Crazy Karts,2.2
Estrategia de Guerra y Militar,Downforce,1.6
Estrategia de Guerra y Militar,Jamaica,0.7
Estrategia de Guerra y Militar,K2,0.9
Estrategia de Guerra y Militar,Mariposas,0.7
Estrategia de Guerra y Militar,Bosk,1
Estrategia de Guerra y Militar,Azul: Stained Glass of Sintra,0.7
Estrategia de Guerra y Militar,Battle Sheep,0.7
Estrategia de Guerra y Militar,Dragoon,2.6
Estrategia de Guerra y Militar,Vast: The Crystal Caverns,3.6999999999999993
Estrategia de Guerra y Militar,Dragon Rampage,1.7
Estrategia de Guerra y Militar,Tsuro,0.9
Estrategia de Guerra y Militar,Clank!: A Deck-Building Adventure,1.6
Estrategia de Guerra y Militar,Clank!: Sunken Treasures,1.6
Estrategia de Guerra y Militar,Takenoko,1.4
Estrategia de Guerra y Militar,Ogre,0.7
Estrategia de Guerra y Militar,Secret Hitler,0.9
Estrategia de Guerra y Militar,Munchkin,0.7
Estrategia de Guerra y Militar,Abandon Planet,0.7
Estrategia de Guerra y Militar,Dodos Riding Dinos,0.7
Estrategia de Guerra y Militar,Robo Rally,1.5
Estrategia de Guerra y Militar,Netrunner,0.7
Estrategia de Guerra y Militar,Patria Libre,2.8
Estrategia de Guerra y Militar,Scythe,3.4
Estrategia de Guerra y Militar,Emerge,0.7
Estrategia de Guerra y Militar,Power Grid,0.7
Estrategia de Guerra y Militar,Root,4.1
Estrategia de Guerra y Militar,7 Summits,0.7
Estrategia de Guerra y Militar,Tierra y Libertad: The Mexican Revolution Game (Second Edition),1.7
Estrategia de Guerra y Militar,Kingdom Rush: Rift in Time,1.4
Estrategia de Guerra y Militar,Kiwi Chow Down,1
Estrategia de Guerra y Militar,Loteria,0.7
Estrategia de Guerra y Militar,Battleship,0.9
Estrategia de Guerra y Militar,Monopoly,0.9
Estrategia de Guerra y Militar,Fold-it,0.9
Estrategia de Guerra y Militar,7 Wonders Duel,2.0999999999999996
Estrategia de Guerra y Militar,Star Wars: The Mandalorian – La busqueda,0.9
Estrategia de Guerra y Militar,Tapple,0.9
Estrategia de Guerra y Militar,Good & Bad Ghosts,1.8
Estrategia de Guerra y Militar,Labyrinth,0.7
Estrategia de Guerra y Militar,Eight-Minute Empire,1.9
Estrategia de Guerra y Militar,Viva la Fotosíntesis,0.9
Estrategia de Guerra y Militar,Carcassonne: Expansion 4 – The Tower,1
Estrategia de Guerra y Militar,Carcassonne: Expansion 7 – The Catapult,1
Estrategia de Guerra y Militar,Carcassonne: Expansion 3 – The Princess & The Dragon,1
Estrategia de Guerra y Militar,Carcassonne: Expansion 2 – Traders & Builders,1
Estrategia de Guerra y Militar,The Settlers of Catan: The Fishermen of Catan,0.7
Estrategia de Guerra y Militar,Lucha Arena,0.9
Estrategia de Guerra y Militar,Viticulture,0.7
"Gestión de Recursos, Mercado y Economía",Photosynthesis,0.8
"Gestión de Recursos, Mercado y Economía",Yangtze,1.7000000000000002
"Gestión de Recursos, Mercado y Economía",Baruka,0.7
"Gestión de Recursos, Mercado y Economía",Forbidden Jungle,1.5
"Gestión de Recursos, Mercado y Economía",Forbidden Desert,0.7
"Gestión de Recursos, Mercado y Economía",Bears vs Babies,0.8
"Gestión de Recursos, Mercado y Economía",Potion Explosion,1.5
"Gestión de Recursos, Mercado y Economía",Flamme Rouge,0.7
"Gestión de Recursos, Mercado y Economía",Turista Mundial,0.8
"Gestión de Recursos, Mercado y Economía",Fantastic Park,0.8
"Gestión de Recursos, Mercado y Economía",My Little Scythe,1.5
"Gestión de Recursos, Mercado y Economía",Gems of Iridescia,1.8
"Gestión de Recursos, Mercado y Economía",Kill The Unicorns,1.7000000000000002
"Gestión de Recursos, Mercado y Economía",Zombicide: Black Plague,0.7
"Gestión de Recursos, Mercado y Economía",Dead Men Tell No Tales,0.7
"Gestión de Recursos, Mercado y Economía",How to Rob a Bank,0.7
"Gestión de Recursos, Mercado y Economía",Fast Food Fear!,0.8
"Gestión de Recursos, Mercado y Economía",Acquire,1.9
"Gestión de Recursos, Mercado y Economía",Vegas Showdown,2.5
"Gestión de Recursos, Mercado y Economía",Kanban: Driver's Edition,2
"Gestión de Recursos, Mercado y Economía",Stone Age,2.8
"Gestión de Recursos, Mercado y Economía",La Rata Ricarda,0.6
"Gestión de Recursos, Mercado y Economía",Regicide,0.7
"Gestión de Recursos, Mercado y Economía",Silk,1
"Gestión de Recursos, Mercado y Economía",Meeple Company,1
"Gestión de Recursos, Mercado y Economía",Calico,0.8
"Gestión de Recursos, Mercado y Economía",My Shelfie,0.8
"Gestión de Recursos, Mercado y Economía","Hey, That's My Fish!",1.4
"Gestión de Recursos, Mercado y Economía",Goatfish,0.8
"Gestión de Recursos, Mercado y Economía",Splendor Duel,1.8
"Gestión de Recursos, Mercado y Economía",12 Days,1.7000000000000002
"Gestión de Recursos, Mercado y Economía",Pot de Vin,0.8
"Gestión de Recursos, Mercado y Economía",What's Up,0.8
"Gestión de Recursos, Mercado y Economía",Cooking Rumble,0.8
"Gestión de Recursos, Mercado y Economía",Cábula,0.8
"Gestión de Recursos, Mercado y Economía",White Elephant,0.8
"Gestión de Recursos, Mercado y Economía",Guerras Gato,0.7
"Gestión de Recursos, Mercado y Economía",Rat Attack Party,0.8
"Gestión de Recursos, Mercado y Economía",Merchants of Dunhuang,1.5
"Gestión de Recursos, Mercado y Economía",Valley of the Kings,1.5
"Gestión de Recursos, Mercado y Economía",Hero Realms,0.7
"Gestión de Recursos, Mercado y Economía",Star Realms,2.2
"Gestión de Recursos, Mercado y Economía",Rustling Leaves,0.8
"Gestión de Recursos, Mercado y Economía",Herbaceous,0.8
"Gestión de Recursos, Mercado y Economía",Cat Lady,0.8
"Gestión de Recursos, Mercado y Economía",Truffle Shuffle,0.8
"Gestión de Recursos, Mercado y Economía",Dwarven Smithy,2.8
"Gestión de Recursos, Mercado y Economía",Aqualin,0.8
"Gestión de Recursos, Mercado y Economía",Everdell,4.3
"Gestión de Recursos, Mercado y Economía",Wingspan,0.8
"Gestión de Recursos, Mercado y Economía",Everdell Farshore,1.8
"Gestión de Recursos, Mercado y Economía",Modern Art,3.5
"Gestión de Recursos, Mercado y Economía",Kanagawa,1.8
"Gestión de Recursos, Mercado y Economía",Cascadia,0.7
"Gestión de Recursos, Mercado y Economía",Tokaido,1.8
"Gestión de Recursos, Mercado y Economía",Struggle of Empires,0.9
"Gestión de Recursos, Mercado y Economía",Tzolk'in: The Mayan Calendar,1
"Gestión de Recursos, Mercado y Economía",Oaxaca: Crafts of a Culture,0.7
"Gestión de Recursos, Mercado y Economía",Terraforming Mars,4.0
"Gestión de Recursos, Mercado y Economía",Galaxies: The UFO Project,0.8
"Gestión de Recursos, Mercado y Economía",Dune: Imperium,1.7
"Gestión de Recursos, Mercado y Economía",Tides of Madness,0.8
"Gestión de Recursos, Mercado y Economía",Patchwork,0.8
"Gestión de Recursos, Mercado y Economía",Spirits of the Wild,0.8
"Gestión de Recursos, Mercado y Economía",Splendor,1.8
"Gestión de Recursos, Mercado y Economía",Century: A New World,3.5
"Gestión de Recursos, Mercado y Economía",Century: Eastern Wonders,2.5
"Gestión de Recursos, Mercado y Economía",Century: Golem Edition,2.5
"Gestión de Recursos, Mercado y Economía",CATAN,3.2
"Gestión de Recursos, Mercado y Economía",Sea Dragons,3.2
"Gestión de Recursos, Mercado y Economía",Cosmoctopus,1.4
"Gestión de Recursos, Mercado y Economía",Pátzcuaro,0.8
"Gestión de Recursos, Mercado y Economía",Point Salad,0.8
"Gestión de Recursos, Mercado y Economía",Virus!,0.8
"Gestión de Recursos, Mercado y Economía",Manda Huevos!,1
"Gestión de Recursos, Mercado y Economía",Risk Strike,0.8
"Gestión de Recursos, Mercado y Economía",One Deck Dungeon: Forest of Shadows,0.7
"Gestión de Recursos, Mercado y Economía",Cover Your Assets,0.8
"Gestión de Recursos, Mercado y Economía",Mazescape: Labýrinthos,0.7
"Gestión de Recursos, Mercado y Economía",Sheep Sheep Hurra!,0.8
"Gestión de Recursos, Mercado y Economía",Five Crowns,0.8
"Gestión de Recursos, Mercado y Economía",Coloretto,0.8
"Gestión de Recursos, Mercado y Economía",Bump in the Night,0.7
"Gestión de Recursos, Mercado y Economía",Synthesis,0.8
"Gestión de Recursos, Mercado y Economía",La tumba del rey Pakal,1.5
"Gestión de Recursos, Mercado y Economía",Lucca Città,0.8
"Gestión de Recursos, Mercado y Economía",Nosferatu,0.6
"Gestión de Recursos, Mercado y Economía",Palastgeflüster,0.8
"Gestión de Recursos, Mercado y Economía",Yummy Kitty,0.8
"Gestión de Recursos, Mercado y Economía",Risk,0.8
"Gestión de Recursos, Mercado y Economía",Nexus Ops,0.7
"Gestión de Recursos, Mercado y Economía",Small World,0.7
"Gestión de Recursos, Mercado y Economía",7 Wonders,0.8
"Gestión de Recursos, Mercado y Economía",A Game of Thrones: The Board Game (Second Edition),2.5
"Gestión de Recursos, Mercado y Economía",Cyclades,1.7000000000000002
"Gestión de Recursos, Mercado y Economía",Tigris & Euphrates,1.6
"Gestión de Recursos, Mercado y Economía",Survive: Escape from Atlantis!,0.7
"Gestión de Recursos, Mercado y Economía",Gaia Project,2.9000000000000004
"Gestión de Recursos, Mercado y Economía",Bohnanza,1.8
"Gestión de Recursos, Mercado y Economía",Imhotep,2.5
"Gestión de Recursos, Mercado y Economía",Dominion: Intrigue,1.4
"Gestión de Recursos, Mercado y Economía",Rummy,0.8
"Gestión de Recursos, Mercado y Economía",PitchCar,0.7
"Gestión de Recursos, Mercado y Economía",Monopoly: Stranger Things,2.7
"Gestión de Recursos, Mercado y Economía",Monopoly Gamer,0.8
"Gestión de Recursos, Mercado y Economía",Coup,0.6
"Gestión de Recursos, Mercado y Economía",Saboteur,0.6
"Gestión de Recursos, Mercado y Economía",BANG!,0.6
"Gestión de Recursos, Mercado y Economía",Tortuga,1.7000000000000002
"Gestión de Recursos, Mercado y Economía",One Night Ultimate Alien,0.6
"Gestión de Recursos, Mercado y Economía",BANG! The Dice Game,0.6
"Gestión de Recursos, Mercado y Economía",The Resistance,0.6
"Gestión de Recursos, Mercado y Economía",Werewords,0.6
"Gestión de Recursos, Mercado y Economía",One Night Ultimate Werewolf: Daybreak,0.6
"Gestión de Recursos, Mercado y Economía",Chinatown,3.5
"Gestión de Recursos, Mercado y Economía",North Wind,1
"Gestión de Recursos, Mercado y Economía",Sheriff of Nottingham,0.8
"Gestión de Recursos, Mercado y Economía",Sheriff of Nottingham: Merry Men,1.8
"Gestión de Recursos, Mercado y Economía",Sheriff of Nottingham: 2nd Edition,0.8
"Gestión de Recursos, Mercado y Economía",Folclore,1
"Gestión de Recursos, Mercado y Economía",Exploding Kittens,0.8
"Gestión de Recursos, Mercado y Economía",Shit Happens,0.8
"Gestión de Recursos, Mercado y Economía",Throw Throw Burrito,0.8
"Gestión de Recursos, Mercado y Economía",You've Got Crabs,0.8
"Gestión de Recursos, Mercado y Economía",Trapwords,0.7
"Gestión de Recursos, Mercado y Economía",Betrayal at House on the Hill,0.7
"Gestión de Recursos, Mercado y Economía",Castle Panic,1
"Gestión de Recursos, Mercado y Economía",Magic Maze,0.7
"Gestión de Recursos, Mercado y Economía",Dead of Winter: A Crossroads Game,1
"Gestión de Recursos, Mercado y Economía",Spirit Island,1.4
"Gestión de Recursos, Mercado y Economía",Pandemic,0.8
"Gestión de Recursos, Mercado y Economía",Marvel Champions: The Card Game,0.7
"Gestión de Recursos, Mercado y Economía",The Heroes of Kaskaria,0.8
"Gestión de Recursos, Mercado y Economía",Dice Hospital,0.7
"Gestión de Recursos, Mercado y Economía",Bugs in the Kitchen,0.7
"Gestión de Recursos, Mercado y Economía",Hadara,0.8
"Gestión de Recursos, Mercado y Economía",Broom Service,0.8
"Gestión de Recursos, Mercado y Economía",Gentes,0.8
"Gestión de Recursos, Mercado y Economía",Manila,3.5999999999999996
"Gestión de Recursos, Mercado y Economía",The Taverns of Tiefenthal,1.7
"Gestión de Recursos, Mercado y Economía",Ticket to Ride,1.8
"Gestión de Recursos, Mercado y Economía",Fresco,2.8
"Gestión de Recursos, Mercado y Economía",Luxor,1.5
"Gestión de Recursos, Mercado y Economía",Ex Libris,1.8
"Gestión de Recursos, Mercado y Economía",Dominion,1.4
"Gestión de Recursos, Mercado y Economía",The Quacks of Quedlinburg,1.4
"Gestión de Recursos, Mercado y Economía",The Castles of Burgundy,1.5
"Gestión de Recursos, Mercado y Economía",Baseball Highlights: 2045,0.7
"Gestión de Recursos, Mercado y Economía",Ora et Labora,1.7
"Gestión de Recursos, Mercado y Economía",Agricola,1
"Gestión de Recursos, Mercado y Economía",Newton,2.9000000000000004
"Gestión de Recursos, Mercado y Economía",Cytosis: A Cell Biology Board Game,1.8
"Gestión de Recursos, Mercado y Economía",Welcome to Centerville,0.8
"Gestión de Recursos, Mercado y Economía",Roll for the Galaxy,1.7
"Gestión de Recursos, Mercado y Economía",Rajas of the Ganges,1
"Gestión de Recursos, Mercado y Economía",Lords of Waterdeep,3.4000000000000004
"Gestión de Recursos, Mercado y Economía",The World of Smog: On Her Majesty's Service,2.7
"Gestión de Recursos, Mercado y Economía",Elysium,1.5
"Gestión de Recursos, Mercado y Economía",Railways of the World,1.5
"Gestión de Recursos, Mercado y Economía",Escape Plan,0.7
"Gestión de Recursos, Mercado y Economía",Camel Up,0.7
"Gestión de Recursos, Mercado y Economía",Crazy Karts,1.5
"Gestión de Recursos, Mercado y Economía",Downforce,0.9
"Gestión de Recursos, Mercado y Economía",Hare & Tortoise,0.8
"Gestión de Recursos, Mercado y Economía",Cartographers,1.2999999999999998
"Gestión de Recursos, Mercado y Economía",Botswana,1
"Gestión de Recursos, Mercado y Economía",Animals on Board,0.8
"Gestión de Recursos, Mercado y Economía",Mariposas,0.8
"Gestión de Recursos, Mercado y Economía",Draftosaurus,0.8
"Gestión de Recursos, Mercado y Economía",Azul,0.8
"Gestión de Recursos, Mercado y Economía",Azul: Stained Glass of Sintra,1.5
"Gestión de Recursos, Mercado y Economía",Azul: Summer Pavilion,0.8
"Gestión de Recursos, Mercado y Economía",Battle Sheep,0.7
"Gestión de Recursos, Mercado y Economía",Ubongo,0.8
"Gestión de Recursos, Mercado y Economía",Vast: The Crystal Caverns,0.7
"Gestión de Recursos, Mercado y Economía",Clank!: A Deck-Building Adventure,1.4
"Gestión de Recursos, Mercado y Economía",Clank!: Sunken Treasures,1.4
"Gestión de Recursos, Mercado y Economía",Sushi Go!,0.8
"Gestión de Recursos, Mercado y Economía",Sushi Go Party!,1.5
"Gestión de Recursos, Mercado y Economía",NMBR 9,0.6
"Gestión de Recursos, Mercado y Economía",Takenoko,2.5
"Gestión de Recursos, Mercado y Economía",Adventure Land,0.9
"Gestión de Recursos, Mercado y Economía",Greedy Greedy Goblins,1
"Gestión de Recursos, Mercado y Economía",Ogre,0.7
"Gestión de Recursos, Mercado y Economía",Secret Hitler,0.6
"Gestión de Recursos, Mercado y Economía",Abandon Planet,3.5
"Gestión de Recursos, Mercado y Economía",For Sale,1.7000000000000002
"Gestión de Recursos, Mercado y Economía",Robo Rally,0.7
"Gestión de Recursos, Mercado y Economía",Scythe,2.4
"Gestión de Recursos, Mercado y Economía",Shamans,0.6
"Gestión de Recursos, Mercado y Economía",Power Grid,3.4000000000000004
"Gestión de Recursos, Mercado y Economía",Root,0.7
"Gestión de Recursos, Mercado y Economía",Glow,0.8
"Gestión de Recursos, Mercado y Economía",Tierra y Libertad: The Mexican Revolution Game (Second Edition),1.8
"Gestión de Recursos, Mercado y Economía",Call to Adventure,1.5
"Gestión de Recursos, Mercado y Economía",Kingdom Rush: Rift in Time,0.7
"Gestión de Recursos, Mercado y Economía",Kiwi Chow Down,0.8
"Gestión de Recursos, Mercado y Economía",When I Dream,0.6
"Gestión de Recursos, Mercado y Economía",Sushi Roll,0.8
"Gestión de Recursos, Mercado y Economía",Loteria,1.2999999999999998
"Gestión de Recursos, Mercado y Economía",Monopoly,5.0
"Gestión de Recursos, Mercado y Economía",7 Wonders Duel,4.7
"Gestión de Recursos, Mercado y Economía",Labyrinth,0.7
"Gestión de Recursos, Mercado y Economía",King of the Dice,1.8
"Gestión de Recursos, Mercado y Economía",Eight-Minute Empire,1.6
"Gestión de Recursos, Mercado y Economía",Card Game,0.7
"Gestión de Recursos, Mercado y Economía",Carcassonne: Expansion 2 – Traders & Builders,0.8
"Gestión de Recursos, Mercado y Economía",Monopoly Bid,0.8
"Gestión de Recursos, Mercado y Economía",No Thanks!,0.8
"Gestión de Recursos, Mercado y Economía",The Settlers of Catan: The Fishermen of Catan,1.7
"Gestión de Recursos, Mercado y Economía",Happy Halloween,0.8
"Gestión de Recursos, Mercado y Economía",Pit,2.8
"Gestión de Recursos, Mercado y Economía",ZÈRTZ,0.8
"Gestión de Recursos, Mercado y Economía",LYNGK,0.7
"Gestión de Recursos, Mercado y Economía",Adidoku: Mona Lisa,0.8
"Gestión de Recursos, Mercado y Economía",Jaipur,1.8
"Gestión de Recursos, Mercado y Economía",Viticulture,2.8
"Gestión de Recursos, Mercado y Economía",Gerónimooo!!!,0.6
Optimización y Simulación,Photosynthesis,0.9
Optimización y Simulación,Kingdomino,1
Optimización y Simulación,Baruka,1.7
Optimización y Simulación,Forbidden Jungle,3.5
Optimización y Simulación,Forbidden Desert,4.2
Optimización y Simulación,Chronicles of Crime,0.8
Optimización y Simulación,Bears vs Babies,0.9
Optimización y Simulación,Potion Explosion,0.7
Optimización y Simulación,Flamme Rouge,2.6
Optimización y Simulación,Sequence,0.8
Optimización y Simulación,Fantastic Park,1
Optimización y Simulación,My Little Scythe,2.5
Optimización y Simulación,Pana Po'o,0.7
Optimización y Simulación,Zombicide: Black Plague,1.6
Optimización y Simulación,Flash Point: Fire Rescue,3.4000000000000004
Optimización y Simulación,Dead Men Tell No Tales,3.2
Optimización y Simulación,How to Rob a Bank,0.8
Optimización y Simulación,Acquire,1.8
Optimización y Simulación,Vegas Showdown,1.7
Optimización y Simulación,Kanban: Driver's Edition,0.9
Optimización y Simulación,FUSE,0.8
Optimización y Simulación,La Rata Ricarda,1
Optimización y Simulación,Regicide,0.7
Optimización y Simulación,The Crew: The Quest for Planet Nine,0.8
Optimización y Simulación,Calico,1.8
Optimización y Simulación,My Shelfie,0.8
Optimización y Simulación,"Hey, That's My Fish!",2.3
Optimización y Simulación,Oceania,1
Optimización y Simulación,Battlestar Galactica: Starship Battles – Starter Set,1.8
Optimización y Simulación,Tiny Epic Galaxies BLAST OFF!,0.8
Optimización y Simulación,AntaYagí,0.8
Optimización y Simulación,Merchants of Dunhuang,0.8
Optimización y Simulación,Star Realms,0.7
Optimización y Simulación,Sky Team,0.8
Optimización y Simulación,Legend of the Five Rings: The Card Game,0.9
Optimización y Simulación,Aqualin,1.8
Optimización y Simulación,Santorini,0.8
Optimización y Simulación,Everdell,0.7
Optimización y Simulación,Modern Art,0.8
Optimización y Simulación,Kanagawa,0.8
Optimización y Simulación,Cascadia,3.3
Optimización y Simulación,Planet,1
Optimización y Simulación,Tokaido,1.5
Optimización y Simulación,Holi: Festival of Colors,0.8
Optimización y Simulación,Ishtar: Gardens of Babylon,1
Optimización y Simulación,Terraforming Mars,3.5
Optimización y Simulación,Space Gate Odyssey,1.7
Optimización y Simulación,Galaxies: The UFO Project,1.8
Optimización y Simulación,Patchwork,2.5
Optimización y Simulación,Othello,1
Optimización y Simulación,Century: A New World,0.7
Optimización y Simulación,Century: Eastern Wonders,2.3
Optimización y Simulación,Carcassonne,1.8
Optimización y Simulación,CATAN,2.2
Optimización y Simulación,Abducktion,0.8
Optimización y Simulación,Sea Dragons,2.3
Optimización y Simulación,Cosmoctopus,1.5
Optimización y Simulación,El Switcher,0.8
Optimización y Simulación,Savernake Forest,1.8
Optimización y Simulación,Candy Lab,0.8
Optimización y Simulación,Regroup! Chicken Army,0.8
Optimización y Simulación,Castle Party,0.8
Optimización y Simulación,Mazescape: Labýrinthos,0.8
Optimización y Simulación,The Oregon Trail Card Game,1
Optimización y Simulación,Bump in the Night,0.8
Optimización y Simulación,Lapsus,0.7
Optimización y Simulación,Blood Bowl,0.8
Optimización y Simulación,Nexus Ops,0.8
Optimización y Simulación,Small World,1.5
Optimización y Simulación,Hannibal: Rome vs. Carthage,1
Optimización y Simulación,Tigris & Euphrates,1
Optimización y Simulación,Torres,2.7
Optimización y Simulación,Survive: Escape from Atlantis!,2.5
Optimización y Simulación,Escape: Zombie City,1.7
Optimización y Simulación,Gaia Project,4.0
Optimización y Simulación,Snow Time,0.8
Optimización y Simulación,Shoot Your Friends,0.8
Optimización y Simulación,Imhotep,0.8
Optimización y Simulación,Dominion: Intrigue,0.7
Optimización y Simulación,Chess,0.8
Optimización y Simulación,Scrabble,1
Optimización y Simulación,Operation,1
Optimización y Simulación,PitchCar,0.8
Optimización y Simulación,Backgammon,0.8
Optimización y Simulación,Clue,0.8
Optimización y Simulación,Connect Four,0.8
Optimización y Simulación,Salem,1
Optimización y Simulación,Saboteur: The Duel,0.7
Optimización y Simulación,Saboteur,0.7
Optimización y Simulación,Chinatown,1.8
Optimización y Simulación,Shit Happens,0.8
Optimización y Simulación,Trapwords,0.8
Optimización y Simulación,Unlock!: Escape Adventures,0.8
Optimización y Simulación,Betrayal at House on the Hill,0.8
Optimización y Simulación,Magic Maze,2.4000000000000004
Optimización y Simulación,Dead of Winter: A Crossroads Game,1.7000000000000002
Optimización y Simulación,Spirit Island,2.3
Optimización y Simulación,Pandemic,0.9
Optimización y Simulación,Marvel Champions: The Card Game,1.5
Optimización y Simulación,Dr. Eureka,0.8
Optimización y Simulación,Spinderella,0.8
Optimización y Simulación,Dice Hospital,1.7000000000000002
Optimización y Simulación,Bugs in the Kitchen,0.7
Optimización y Simulación,Lift it!,0.8
Optimización y Simulación,MAJESTY,0.8
Optimización y Simulación,Broom Service,0.7
Optimización y Simulación,Gentes,0.9
Optimización y Simulación,New York 1901,1
Optimización y Simulación,Ticket to Ride,0.7
Optimización y Simulación,Fresco,0.8
Optimización y Simulación,Luxor,1.6
Optimización y Simulación,Ex Libris,1
Optimización y Simulación,Dominion,0.7
Optimización y Simulación,Western Legends,1.6
Optimización y Simulación,The Quacks of Quedlinburg,0.7
Optimización y Simulación,Milestones,0.7
Optimización y Simulación,Magic: The Gathering – Heroes of Dominaria Board Game,2.2
Optimización y Simulación,The Castles of Burgundy,2.5
Optimización y Simulación,Ora et Labora,2.3
Optimización y Simulación,Agricola,0.8
Optimización y Simulación,Newton,2.7
Optimización y Simulación,Cacao,1
Optimización y Simulación,Rajas of the Ganges,1.8
Optimización y Simulación,The World of Smog: On Her Majesty's Service,0.9
Optimización y Simulación,Elysium,0.7
Optimización y Simulación,Railways of the World,3.3
Optimización y Simulación,Escape Plan,1.8
Optimización y Simulación,Adrenaline,1.7000000000000002
Optimización y Simulación,Camel Up,1.5
Optimización y Simulación,Crazy Karts,1.6
Optimización y Simulación,Downforce,0.8
Optimización y Simulación,Jamaica,1.6
Optimización y Simulación,Cartographers,0.7
Optimización y Simulación,Reef,1.8
Optimización y Simulación,Mariposas,0.8
Optimización y Simulación,Azul,1.8
Optimización y Simulación,Azul: Stained Glass of Sintra,2.6
Optimización y Simulación,Azul: Summer Pavilion,1.8
Optimización y Simulación,Battle Sheep,1.6
Optimización y Simulación,Blokus,1
Optimización y Simulación,Qwirkle,1.8
Optimización y Simulación,Ubongo,0.8
Optimización y Simulación,Dragoon,2.7
Optimización y Simulación,Vast: The Crystal Caverns,4.2
Optimización y Simulación,Tsuro,1.7
Optimización y Simulación,Clank!: A Deck-Building Adventure,1.6
Optimización y Simulación,Clank!: Sunken Treasures,1.4
Optimización y Simulación,Sushi Go Party!,0.7
Optimización y Simulación,NMBR 9,1.8
Optimización y Simulación,Takenoko,5.0
Optimización y Simulación,Greedy Greedy Goblins,1
Optimización y Simulación,Ogre,3.3
Optimización y Simulación,Abandon Planet,0.8
Optimización y Simulación,Robo Rally,1.6
Optimización y Simulación,Netrunner,0.9
Optimización y Simulación,Patria Libre,1
Optimización y Simulación,Scythe,3.3
Optimización y Simulación,Shamans,0.8
Optimización y Simulación,Power Grid,1.4
Optimización y Simulación,Root,1.6
Optimización y Simulación,Glow,0.8
Optimización y Simulación,7 Summits,0.8
Optimización y Simulación,Tierra y Libertad: The Mexican Revolution Game (Second Edition),1
Optimización y Simulación,Kingdom Rush: Rift in Time,2.6
Optimización y Simulación,Mini Crimes: Like Cat and Mouse,0.8
Optimización y Simulación,Kiwi Chow Down,0.8
Optimización y Simulación,Butterfly Garden,1.7
Optimización y Simulación,Loteria,0.8
Optimización y Simulación,Upwords,1
Optimización y Simulación,The Game of Life (2013- Editions),1
Optimización y Simulación,Monopoly,0.8
Optimización y Simulación,Kushi Express,0.8
Optimización y Simulación,Topito,0.8
Optimización y Simulación,7 Wonders Duel,3.3
Optimización y Simulación,Stella,1
Optimización y Simulación,Good & Bad Ghosts,0.8
Optimización y Simulación,Make 'n' Break,0.8
Optimización y Simulación,The Magic Labyrinth,1.5
Optimización y Simulación,Labyrinth,2.5
Optimización y Simulación,Viva la Fotosíntesis,2.5
Optimización y Simulación,Carcassonne: Expansion 4 – The Tower,1
Optimización y Simulación,Carcassonne: Expansion 7 – The Catapult,1
Optimización y Simulación,Carcassonne: Expansion 3 – The Princess & The Dragon,1
Optimización y Simulación,Carcassonne: Expansion 2 – Traders & Builders,1
Optimización y Simulación,The Settlers of Catan: The Fishermen of Catan,0.8
Optimización y Simulación,Onitama,0.8
Optimización y Simulación,Hive Pocket,1.8
Optimización y Simulación,GIPF,1.6
Optimización y Simulación,TZAAR,0.8
Optimización y Simulación,ZÈRTZ,0.8
Optimización y Simulación,PÜNCT,1.5
Optimización y Simulación,LYNGK,2.3
Optimización y Simulación,Abalone,0.8
Optimización y Simulación,Kabaleo,1
Patrones y Reconocimiento,Card Game: The Card Game,0.7
Patrones y Reconocimiento,Photosynthesis,0.9
Patrones y Reconocimiento,Yangtze,0.7
Patrones y Reconocimiento,Kingdomino,0.8
Patrones y Reconocimiento,Baruka,1.7000000000000002
Patrones y Reconocimiento,Forbidden Jungle,2.3
Patrones y Reconocimiento,Forbidden Desert,1.6
Patrones y Reconocimiento,Bears vs Babies,0.7
Patrones y Reconocimiento,Potion Explosion,2.7
Patrones y Reconocimiento,Turista Mundial,0.7
Patrones y Reconocimiento,Zendo,2
Patrones y Reconocimiento,Telestrations After Dark,0.9
Patrones y Reconocimiento,Sequence,1
Patrones y Reconocimiento,Fantastic Park,1.5
Patrones y Reconocimiento,My Little Scythe,2.4000000000000004
Patrones y Reconocimiento,Nut So Fast,2
Patrones y Reconocimiento,Pana Po'o,2
Patrones y Reconocimiento,Gems of Iridescia,1.6
Patrones y Reconocimiento,Who Did It?,0.7
Patrones y Reconocimiento,Kill The Unicorns,0.7
Patrones y Reconocimiento,Flash Point: Fire Rescue,0.8
Patrones y Reconocimiento,Dead Men Tell No Tales,0.8
Patrones y Reconocimiento,Fast Food Fear!,0.7
Patrones y Reconocimiento,Acquire,0.8
Patrones y Reconocimiento,Vegas Showdown,0.8
Patrones y Reconocimiento,Stone Age,0.7
Patrones y Reconocimiento,FUSE,1
Patrones y Reconocimiento,La Rata Ricarda,0.8
Patrones y Reconocimiento,Calico,3.3999999999999995
Patrones y Reconocimiento,My Shelfie,1.7
Patrones y Reconocimiento,"Hey, That's My Fish!",1.7000000000000002
Patrones y Reconocimiento,Oceania,0.8
Patrones y Reconocimiento,Goatfish,1.4
Patrones y Reconocimiento,Piñata Blast,0.9
Patrones y Reconocimiento,Splendor Duel,0.7
Patrones y Reconocimiento,12 Days,0.7
Patrones y Reconocimiento,Pot de Vin,0.7
Patrones y Reconocimiento,What's Up,1.4
Patrones y Reconocimiento,Cooking Rumble,0.7
Patrones y Reconocimiento,Cábula,0.7
Patrones y Reconocimiento,J'Accuse!,0.7
Patrones y Reconocimiento,Pick-a-Seal,2
Patrones y Reconocimiento,Instant Recall,0.7
Patrones y Reconocimiento,White Elephant,0.7
Patrones y Reconocimiento,Aban!,0.9
Patrones y Reconocimiento,Rat Attack Party,0.7
Patrones y Reconocimiento,Merchants of Dunhuang,0.7
Patrones y Reconocimiento,Valley of the Kings,0.7
Patrones y Reconocimiento,Sherlock Express,2
Patrones y Reconocimiento,Rustling Leaves,1.6
Patrones y Reconocimiento,Herbaceous,0.7
Patrones y Reconocimiento,Cat Lady,0.7
Patrones y Reconocimiento,Truffle Shuffle,0.7
Patrones y Reconocimiento,Dwarven Smithy,0.7
Patrones y Reconocimiento,Aqualin,2.3
Patrones y Reconocimiento,Santorini,0.8
Patrones y Reconocimiento,WordARound,2
Patrones y Reconocimiento,Everdell,0.7
Patrones y Reconocimiento,Wingspan,0.7
Patrones y Reconocimiento,Everdell Farshore,0.7
Patrones y Reconocimiento,Kanagawa,1.7
Patrones y Reconocimiento,Cascadia,2.7
Patrones y Reconocimiento,Planet,0.8
Patrones y Reconocimiento,Tokaido,0.7
Patrones y Reconocimiento,Holi: Festival of Colors,1
Patrones y Reconocimiento,Ishtar: Gardens of Babylon,0.8
Patrones y Reconocimiento,Terraforming Mars,2.4000000000000004
Patrones y Reconocimiento,Space Gate Odyssey,0.8
Patrones y Reconocimiento,Galaxies: The UFO Project,2.5
Patrones y Reconocimiento,Tides of Madness,0.7
Patrones y Reconocimiento,Patchwork,0.8
Patrones y Reconocimiento,Spirits of the Wild,0.7
Patrones y Reconocimiento,Othello,0.8
Patrones y Reconocimiento,Splendor,0.7
Patrones y Reconocimiento,Century: A New World,0.7
Patrones y Reconocimiento,Century: Eastern Wonders,1.5
Patrones y Reconocimiento,Century: Golem Edition,0.7
Patrones y Reconocimiento,Carcassonne,1.8
Patrones y Reconocimiento,CATAN,0.9
Patrones y Reconocimiento,Abducktion,1
Patrones y Reconocimiento,Sea Dragons,1.7
Patrones y Reconocimiento,El Switcher,3
Patrones y Reconocimiento,Shape Up,2
Patrones y Reconocimiento,Pátzcuaro,0.7
Patrones y Reconocimiento,El Camarero,0.7
Patrones y Reconocimiento,Point Salad,0.7
Patrones y Reconocimiento,Savernake Forest,1.8
Patrones y Reconocimiento,Candy Lab,1
Patrones y Reconocimiento,Virus!,0.7
Patrones y Reconocimiento,Regroup! Chicken Army,1
Patrones y Reconocimiento,Taco Cat Goat Cheese Pizza,2
Patrones y Reconocimiento,Castle Party,1
Patrones y Reconocimiento,Manda Huevos!,2.9
Patrones y Reconocimiento,Spot it!,2.9
Patrones y Reconocimiento,Risk Strike,0.7
Patrones y Reconocimiento,One Deck Dungeon: Forest of Shadows,0.8
Patrones y Reconocimiento,Cover Your Assets,0.7
Patrones y Reconocimiento,Tetris Speed,2
Patrones y Reconocimiento,Sheep Sheep Hurra!,0.7
Patrones y Reconocimiento,Cortex Challenge 3,2.7
Patrones y Reconocimiento,Five Crowns,0.7
Patrones y Reconocimiento,Coloretto,0.7
Patrones y Reconocimiento,Synthesis,0.7
Patrones y Reconocimiento,La tumba del rey Pakal,0.7
Patrones y Reconocimiento,Lucca Città,0.7
Patrones y Reconocimiento,Palastgeflüster,0.7
Patrones y Reconocimiento,Yummy Kitty,0.7
Patrones y Reconocimiento,Clue: Rivals Edition,0.7
Patrones y Reconocimiento,Blood Bowl,0.8
Patrones y Reconocimiento,Risk,0.7
Patrones y Reconocimiento,Nexus Ops,0.9
Patrones y Reconocimiento,7 Wonders,0.7
Patrones y Reconocimiento,Cyclades,0.7
Patrones y Reconocimiento,Tigris & Euphrates,1.5
Patrones y Reconocimiento,Torres,1.6
Patrones y Reconocimiento,Survive: Escape from Atlantis!,2.4000000000000004
Patrones y Reconocimiento,Escape: Zombie City,0.8
Patrones y Reconocimiento,Gaia Project,0.9
Patrones y Reconocimiento,Bohnanza,0.7
Patrones y Reconocimiento,Snow Time,0.8
Patrones y Reconocimiento,Shoot Your Friends,3
Patrones y Reconocimiento,Imhotep,0.7
Patrones y Reconocimiento,Chess,1.8
Patrones y Reconocimiento,Rummy,1.5
Patrones y Reconocimiento,Scrabble,0.8
Patrones y Reconocimiento,Monopoly: Stranger Things,0.7
Patrones y Reconocimiento,Monopoly Gamer,0.7
Patrones y Reconocimiento,Clue,1.5
Patrones y Reconocimiento,Connect Four,1
Patrones y Reconocimiento,Salem,2
Patrones y Reconocimiento,Coup,0.7
Patrones y Reconocimiento,Tortuga,0.7
Patrones y Reconocimiento,The Resistance,0.7
Patrones y Reconocimiento,Chinatown,1.5
Patrones y Reconocimiento,North Wind,0.7
Patrones y Reconocimiento,Sheriff of Nottingham,0.7
Patrones y Reconocimiento,Sheriff of Nottingham: Merry Men,0.7
Patrones y Reconocimiento,Sheriff of Nottingham: 2nd Edition,0.7
Patrones y Reconocimiento,Exploding Kittens,0.7
Patrones y Reconocimiento,Shit Happens,2.4
Patrones y Reconocimiento,Throw Throw Burrito,0.7
Patrones y Reconocimiento,You've Got Crabs,0.7
Patrones y Reconocimiento,Sherlock: The Tomb of the Archaeologist,0.7
Patrones y Reconocimiento,Magic Maze,0.8
Patrones y Reconocimiento,Mysterium,2
Patrones y Reconocimiento,Pandemic,0.7
Patrones y Reconocimiento,Dr. Eureka,1
Patrones y Reconocimiento,Ghost Blitz,2.9
Patrones y Reconocimiento,Leo,0.7
Patrones y Reconocimiento,Spooky Stairs,0.7
Patrones y Reconocimiento,The Color Monster,0.7
Patrones y Reconocimiento,Drachenturm,0.7
Patrones y Reconocimiento,The Heroes of Kaskaria,0.7
Patrones y Reconocimiento,Robot Face Race,2
Patrones y Reconocimiento,Dice Hospital,0.9
Patrones y Reconocimiento,Lift it!,1
Patrones y Reconocimiento,MAJESTY,1.7000000000000002
Patrones y Reconocimiento,Hadara,1.4
Patrones y Reconocimiento,Broom Service,0.7
Patrones y Reconocimiento,Gentes,0.7
Patrones y Reconocimiento,New York 1901,0.8
Patrones y Reconocimiento,Ticket to Ride,0.7
Patrones y Reconocimiento,Fresco,1.5
Patrones y Reconocimiento,Luxor,0.7
Patrones y Reconocimiento,Ex Libris,1.5
Patrones y Reconocimiento,The Castles of Burgundy,3.3999999999999995
Patrones y Reconocimiento,Newton,0.8
Patrones y Reconocimiento,Cytosis: A Cell Biology Board Game,0.7
Patrones y Reconocimiento,Welcome to Centerville,0.7
Patrones y Reconocimiento,Cacao,0.8
Patrones y Reconocimiento,Rajas of the Ganges,0.8
Patrones y Reconocimiento,Lords of Waterdeep,0.7
Patrones y Reconocimiento,The World of Smog: On Her Majesty's Service,0.7
Patrones y Reconocimiento,Elysium,0.7
Patrones y Reconocimiento,Railways of the World,1.7000000000000002
Patrones y Reconocimiento,Escape Plan,1.7000000000000002
Patrones y Reconocimiento,Adrenaline,0.8
Patrones y Reconocimiento,Coach and Play,0.9
Patrones y Reconocimiento,Crazy Karts,0.8
Patrones y Reconocimiento,Animals on Board,0.7
Patrones y Reconocimiento,Reef,1.8
Patrones y Reconocimiento,Mariposas,2.4000000000000004
Patrones y Reconocimiento,Draftosaurus,0.7
Patrones y Reconocimiento,Azul,2.5
Patrones y Reconocimiento,Azul: Stained Glass of Sintra,2.5
Patrones y Reconocimiento,Azul: Summer Pavilion,2.5
Patrones y Reconocimiento,Battle Sheep,1.7000000000000002
Patrones y Reconocimiento,Blokus,0.8
Patrones y Reconocimiento,Qwirkle,1.8
Patrones y Reconocimiento,Ubongo,1.7
Patrones y Reconocimiento,Dragoon,1.6
Patrones y Reconocimiento,Vast: The Crystal Caverns,1.6
Patrones y Reconocimiento,Tsuro,0.8
Patrones y Reconocimiento,Sushi Go!,0.7
Patrones y Reconocimiento,Sushi Go Party!,0.7
Patrones y Reconocimiento,Codenames,0.7
Patrones y Reconocimiento,NMBR 9,1.8
Patrones y Reconocimiento,Takenoko,4.2
Patrones y Reconocimiento,Greedy Greedy Goblins,0.8
Patrones y Reconocimiento,Ogre,1.7000000000000002
Patrones y Reconocimiento,Abandon Planet,0.7
Patrones y Reconocimiento,Codenames: Duet,0.7
Patrones y Reconocimiento,Robo Rally,0.8
Patrones y Reconocimiento,Scythe,1.7000000000000002
Patrones y Reconocimiento,Glow,0.7
Patrones y Reconocimiento,Tierra y Libertad: The Mexican Revolution Game (Second Edition),0.7
Patrones y Reconocimiento,Call to Adventure,0.7
Patrones y Reconocimiento,Kingdom Rush: Rift in Time,1.8
Patrones y Reconocimiento,Kiwi Chow Down,0.8
Patrones y Reconocimiento,When I Dream,0.7
Patrones y Reconocimiento,Deception,0.7
Patrones y Reconocimiento,Fruits,0.7
Patrones y Reconocimiento,Sushi Roll,0.7
Patrones y Reconocimiento,Butterfly Garden,1.7000000000000002
Patrones y Reconocimiento,Upwords,0.8
Patrones y Reconocimiento,Monopoly,0.7
Patrones y Reconocimiento,Kushi Express,1
Patrones y Reconocimiento,Topito,1
Patrones y Reconocimiento,Fold-it,2
Patrones y Reconocimiento,Cakes!,0.9
Patrones y Reconocimiento,Me Want Cookies!,2
Patrones y Reconocimiento,Match Madness,2
Patrones y Reconocimiento,7 Wonders Duel,0.7
Patrones y Reconocimiento,Tapple,1.6
Patrones y Reconocimiento,Stella,0.8
Patrones y Reconocimiento,Good & Bad Ghosts,0.8
Patrones y Reconocimiento,Make 'n' Break,1
Patrones y Reconocimiento,El tanque the bite game,2
Patrones y Reconocimiento,The Magic Labyrinth,1.5
Patrones y Reconocimiento,Labyrinth,0.8
Patrones y Reconocimiento,King of the Dice,0.7
Patrones y Reconocimiento,Eight-Minute Empire,0.7
Patrones y Reconocimiento,Viva la Fotosíntesis,1.6
Patrones y Reconocimiento,Carcassonne: Expansion 4 – The Tower,0.8
Patrones y Reconocimiento,Carcassonne: Expansion 7 – The Catapult,0.8
Patrones y Reconocimiento,Carcassonne: Expansion 3 – The Princess & The Dragon,0.8
Patrones y Reconocimiento,Carcassonne: Expansion 2 – Traders & Builders,1.5
Patrones y Reconocimiento,Monopoly Bid,0.7
Patrones y Reconocimiento,L.L.A.M.A.,0.9
Patrones y Reconocimiento,Clue: Card Game,0.7
Patrones y Reconocimiento,No Thanks!,0.7
Patrones y Reconocimiento,Pick-a-Polar Bear,2
Patrones y Reconocimiento,Happy Halloween,0.7
Patrones y Reconocimiento,Pit,0.7
Patrones y Reconocimiento,Onitama,1.8
Patrones y Reconocimiento,Hive Pocket,2.5
Patrones y Reconocimiento,GIPF,1.8
Patrones y Reconocimiento,TZAAR,0.8
Patrones y Reconocimiento,ZÈRTZ,1.5
Patrones y Reconocimiento,PÜNCT,0.8
Patrones y Reconocimiento,LYNGK,1.8
Patrones y Reconocimiento,Abalone,1.7000000000000002
Patrones y Reconocimiento,Kabaleo,0.8
Patrones y Reconocimiento,Adidoku: Mona Lisa,0.7
Patrones y Reconocimiento,Jaipur,0.7
Conflicto Directo y Competitivos,Card Game: The Card Game,2.9
Conflicto Directo y Competitivos,Photosynthesis,0.7
Conflicto Directo y Competitivos,Yangtze,0.7
Conflicto Directo y Competitivos,Forbidden Jungle,0.7
Conflicto Directo y Competitivos,Forbidden Desert,0.7
Conflicto Directo y Competitivos,Bears vs Babies,2.7
Conflicto Directo y Competitivos,Potion Explosion,1
Conflicto Directo y Competitivos,Wavelength,0.8
Conflicto Directo y Competitivos,Flamme Rouge,1.6
Conflicto Directo y Competitivos,Turista Mundial,1
Conflicto Directo y Competitivos,Dixit,0.8
Conflicto Directo y Competitivos,Pigs on Trampolines,0.8
Conflicto Directo y Competitivos,Sequence,1
Conflicto Directo y Competitivos,My Little Scythe,1
Conflicto Directo y Competitivos,Hanamikoji,0.8
Conflicto Directo y Competitivos,Ca$h 'n Guns: Second Edition,2
Conflicto Directo y Competitivos,Stoned: A Stone Snatching Game,2
Conflicto Directo y Competitivos,Seat Wars,1
Conflicto Directo y Competitivos,Cooks & Crooks,1
Conflicto Directo y Competitivos,Epic Spell Wars of the Battle Wizards: Duel at Mt. Skullzfyre,1
Conflicto Directo y Competitivos,Kill The Unicorns,1.7
Conflicto Directo y Competitivos,Flash Point: Fire Rescue,0.7
Conflicto Directo y Competitivos,Dead Men Tell No Tales,0.7
Conflicto Directo y Competitivos,Vegas Showdown,0.7
Conflicto Directo y Competitivos,Kanban: Driver's Edition,0.7
Conflicto Directo y Competitivos,The Crew: The Quest for Planet Nine,0.7
Conflicto Directo y Competitivos,Can't Stop,0.8
Conflicto Directo y Competitivos,Silk,1
Conflicto Directo y Competitivos,Goatfish,1
Conflicto Directo y Competitivos,Battlestar Galactica: Starship Battles – Starter Set,1.8
Conflicto Directo y Competitivos,Splendor Duel,0.8
Conflicto Directo y Competitivos,Jekyll vs. Hyde,1.7
Conflicto Directo y Competitivos,12 Days,0.7
Conflicto Directo y Competitivos,Pot de Vin,0.7
Conflicto Directo y Competitivos,Cábula,1.8
Conflicto Directo y Competitivos,Dungeon Raiders,2
Conflicto Directo y Competitivos,Tiny Epic Galaxies BLAST OFF!,0.8
Conflicto Directo y Competitivos,J'Accuse!,1
Conflicto Directo y Competitivos,Monsters Party: Voodoo Madness,2
Conflicto Directo y Competitivos,AntaYagí,0.7
Conflicto Directo y Competitivos,Aban!,1
Conflicto Directo y Competitivos,Merchants of Dunhuang,0.6
Conflicto Directo y Competitivos,Hoagie,1
Conflicto Directo y Competitivos,Hero Realms,2
Conflicto Directo y Competitivos,Star Realms,1
Conflicto Directo y Competitivos,Potato Pirates,1
Conflicto Directo y Competitivos,Dragon Farkle,1
Conflicto Directo y Competitivos,The Red Dragon Inn,2.9
Conflicto Directo y Competitivos,Legend of the Five Rings: The Card Game,0.7
Conflicto Directo y Competitivos,Fight for Olympus,1
Conflicto Directo y Competitivos,Santorini,0.8
Conflicto Directo y Competitivos,Timeline Challenge,0.9
Conflicto Directo y Competitivos,Modern Art,0.7
Conflicto Directo y Competitivos,Struggle of Empires,0.7
Conflicto Directo y Competitivos,Ishtar: Gardens of Babylon,0.6
Conflicto Directo y Competitivos,Terraforming Mars,1
Conflicto Directo y Competitivos,Terra,0.9
Conflicto Directo y Competitivos,Dune: Imperium,1.8
Conflicto Directo y Competitivos,Patchwork,0.6
Conflicto Directo y Competitivos,ICECOOL,1
Conflicto Directo y Competitivos,Splendor,0.8
Conflicto Directo y Competitivos,CATAN,1.5
Conflicto Directo y Competitivos,Cat in the Box: Deluxe Edition,0.7
Conflicto Directo y Competitivos,Pátzcuaro,0.6
Conflicto Directo y Competitivos,Dale un piñatazo,1
Conflicto Directo y Competitivos,Weapon Wars,2
Conflicto Directo y Competitivos,Virus!,1
Conflicto Directo y Competitivos,Taco Cat Goat Cheese Pizza,0.8
Conflicto Directo y Competitivos,Boombeados,1
Conflicto Directo y Competitivos,Manda Huevos!,1
Conflicto Directo y Competitivos,Cover Your Assets,1
Conflicto Directo y Competitivos,Sheep Sheep Hurra!,1.8
Conflicto Directo y Competitivos,Impact: Battle of Elements,1
Conflicto Directo y Competitivos,The Oregon Trail Card Game,1
Conflicto Directo y Competitivos,Coloretto,1
Conflicto Directo y Competitivos,Synthesis,1.8
Conflicto Directo y Competitivos,Heroes and Tricks,0.7
Conflicto Directo y Competitivos,Iluliaq,1
Conflicto Directo y Competitivos,The Siblings Trouble,0.7
Conflicto Directo y Competitivos,Trash War,1
Conflicto Directo y Competitivos,Teetotum,0.9
Conflicto Directo y Competitivos,Risk: Godstorm,1
Conflicto Directo y Competitivos,Risk,1
Conflicto Directo y Competitivos,Nexus Ops,2
Conflicto Directo y Competitivos,A Game of Thrones: The Board Game (Second Edition),3.2
Conflicto Directo y Competitivos,Cyclades,0.7
Conflicto Directo y Competitivos,Tigris & Euphrates,1
Conflicto Directo y Competitivos,Torres,0.7
Conflicto Directo y Competitivos,Survive: Escape from Atlantis!,1.7
Conflicto Directo y Competitivos,King of Tokyo,2
Conflicto Directo y Competitivos,King of Tokyo: Dark Edition,2
Conflicto Directo y Competitivos,Bohnanza,0.7
Conflicto Directo y Competitivos,Shoot Your Friends,1
Conflicto Directo y Competitivos,PitchCar,0.8
Conflicto Directo y Competitivos,Pictopia: Disney Edition,0.9
Conflicto Directo y Competitivos,Monopoly: Stranger Things,1.7
Conflicto Directo y Competitivos,Monopoly Gamer,1
Conflicto Directo y Competitivos,Backgammon,1.7000000000000002
Conflicto Directo y Competitivos,Coup,2
Conflicto Directo y Competitivos,Saboteur,1
Conflicto Directo y Competitivos,BANG!,2.9
Conflicto Directo y Competitivos,BANG!: The Walking Dead,1
Conflicto Directo y Competitivos,Tortuga,0.7
Conflicto Directo y Competitivos,Love Letter,2
Conflicto Directo y Competitivos,One Night Ultimate Alien,0.7
Conflicto Directo y Competitivos,BANG! The Dice Game,1
Conflicto Directo y Competitivos,One Night Ultimate Werewolf: Daybreak,0.7
Conflicto Directo y Competitivos,Chinatown,0.7
Conflicto Directo y Competitivos,Sheriff of Nottingham,3.1000000000000005
Conflicto Directo y Competitivos,Sheriff of Nottingham: Merry Men,0.7
Conflicto Directo y Competitivos,Sheriff of Nottingham: 2nd Edition,1.5
Conflicto Directo y Competitivos,Exploding Kittens,2
Conflicto Directo y Competitivos,Throw Throw Burrito,1
Conflicto Directo y Competitivos,You've Got Crabs,1
Conflicto Directo y Competitivos,The Game,1
Conflicto Directo y Competitivos,Betrayal at House on the Hill,1.7
Conflicto Directo y Competitivos,Dead of Winter: A Crossroads Game,0.7
Conflicto Directo y Competitivos,Pandemic,0.7
Conflicto Directo y Competitivos,Spinderella,0.8
Conflicto Directo y Competitivos,Dice Hospital,0.7
Conflicto Directo y Competitivos,Penguin Trap,1
Conflicto Directo y Competitivos,MAJESTY,1
Conflicto Directo y Competitivos,Gentes,0.7
Conflicto Directo y Competitivos,Manila,1.6
Conflicto Directo y Competitivos,Luxor,0.8
Conflicto Directo y Competitivos,Dominion,1
Conflicto Directo y Competitivos,Western Legends,2.6
Conflicto Directo y Competitivos,Milestones,0.6
Conflicto Directo y Competitivos,Magic: The Gathering – Heroes of Dominaria Board Game,0.8
Conflicto Directo y Competitivos,Baseball Highlights: 2045,1
Conflicto Directo y Competitivos,Rajas of the Ganges,0.8
Conflicto Directo y Competitivos,Lords of Waterdeep,1
Conflicto Directo y Competitivos,The World of Smog: On Her Majesty's Service,1.4
Conflicto Directo y Competitivos,Elysium,1
Conflicto Directo y Competitivos,Railways of the World,1.5
Conflicto Directo y Competitivos,Escape Plan,0.8
Conflicto Directo y Competitivos,Adrenaline,1.6
Conflicto Directo y Competitivos,Coach and Play,1
Conflicto Directo y Competitivos,Camel Up,0.9
Conflicto Directo y Competitivos,Crazy Karts,1.8
Conflicto Directo y Competitivos,Downforce,2.6
Conflicto Directo y Competitivos,Chariot Race,0.8
Conflicto Directo y Competitivos,Jamaica,1.8
Conflicto Directo y Competitivos,K2,1
Conflicto Directo y Competitivos,Dragoon,0.7
Conflicto Directo y Competitivos,Vast: The Crystal Caverns,2.4
Conflicto Directo y Competitivos,Tsuro,1
Conflicto Directo y Competitivos,Clank!: A Deck-Building Adventure,1.7
Conflicto Directo y Competitivos,Clank!: Sunken Treasures,1
Conflicto Directo y Competitivos,Tic Tac K.O.: Cute vs Evil – Boom Promo Card,1
Conflicto Directo y Competitivos,Takenoko,0.7
Conflicto Directo y Competitivos,Adventure Land,0.7
Conflicto Directo y Competitivos,Secret Hitler,1
Conflicto Directo y Competitivos,Munchkin,1
Conflicto Directo y Competitivos,For Sale,0.7
Conflicto Directo y Competitivos,Dodos Riding Dinos,1.8
Conflicto Directo y Competitivos,Robo Rally,1.6
Conflicto Directo y Competitivos,Netrunner,0.7
Conflicto Directo y Competitivos,Scythe,2
Conflicto Directo y Competitivos,Shamans,0.7
Conflicto Directo y Competitivos,Power Grid,0.7
Conflicto Directo y Competitivos,Root,3.2
Conflicto Directo y Competitivos,7 Summits,0.8
Conflicto Directo y Competitivos,When I Dream,0.7
Conflicto Directo y Competitivos,Deception,0.9
Conflicto Directo y Competitivos,Loteria,0.9
Conflicto Directo y Competitivos,Monopoly,1.7
Conflicto Directo y Competitivos,Fold-it,1
Conflicto Directo y Competitivos,Tapple,1
Conflicto Directo y Competitivos,Mal Trago,1.7
Conflicto Directo y Competitivos,Pickomino,1
Conflicto Directo y Competitivos,Good & Bad Ghosts,1
Conflicto Directo y Competitivos,Carcassonne: Expansion 3 – The Princess & The Dragon,1
Conflicto Directo y Competitivos,UNO Flip!,1
Conflicto Directo y Competitivos,Pit,0.7
Conflicto Directo y Competitivos,The Fox in the Forest,0.7
Conflicto Directo y Competitivos,Viticulture,0.8
Conflicto Directo y Competitivos,Gerónimooo!!!,0.8
Control del Azar,Card Game: The Card Game,0.7
Control del Azar,Bears vs Babies,0.7
Control del Azar,Potion Explosion,0.7
Control del Azar,Tumblin' Monkeys,1
Control del Azar,Flamme Rouge,0.9
Control del Azar,Turista Mundial,1
Control del Azar,Sequence,0.7
Control del Azar,Nacht der Magier,1
Control del Azar,My Little Scythe,1.7
Control del Azar,Ca$h 'n Guns: Second Edition,0.7
Control del Azar,Gems of Iridescia,2
Control del Azar,Stoned: A Stone Snatching Game,1.7
Control del Azar,Seat Wars,0.7
Control del Azar,Cooks & Crooks,0.7
Control del Azar,Epic Spell Wars of the Battle Wizards: Duel at Mt. Skullzfyre,1.7
Control del Azar,Kill The Unicorns,0.7
Control del Azar,Zombicide: Black Plague,1
Control del Azar,Flash Point: Fire Rescue,1
Control del Azar,Dead Men Tell No Tales,1
Control del Azar,Thanos Rising: Avengers Infinity War,2
Control del Azar,Acquire,0.7
Control del Azar,Stone Age,1
Control del Azar,FUSE,1.9
Control del Azar,Can't Stop,2
Control del Azar,Silk,1.7
Control del Azar,Goatfish,0.7
Control del Azar,Piñata Blast,1
Control del Azar,Jekyll vs. Hyde,0.7
Control del Azar,Cooking Rumble,1
Control del Azar,Cábula,0.7
Control del Azar,Dungeon Raiders,0.7
Control del Azar,Tiny Epic Galaxies BLAST OFF!,2.9
Control del Azar,J'Accuse!,0.7
Control del Azar,Monsters Party: Voodoo Madness,0.7
Control del Azar,Roll For It!,1
Control del Azar,AntaYagí,0.7
Control del Azar,Aban!,1.7
Control del Azar,Hoagie,0.7
Control del Azar,Hero Realms,0.7
Control del Azar,Star Realms,0.7
Control del Azar,Rustling Leaves,2
Control del Azar,Herbaceous,1
Control del Azar,Dragon Farkle,3.7
Control del Azar,The Red Dragon Inn,0.7
Control del Azar,Sky Team,1
Control del Azar,Fight for Olympus,0.7
Control del Azar,Wingspan,1
Control del Azar,Modern Art,0.7
Control del Azar,Kanagawa,1
Control del Azar,Cascadia,0.7
Control del Azar,Struggle of Empires,1
Control del Azar,Oaxaca: Crafts of a Culture,1
Control del Azar,Terraforming Mars,1.4
Control del Azar,Dune: Imperium,0.7
Control del Azar,Epic Roll: Eclipse,2
Control del Azar,Patchwork,0.7
Control del Azar,ICECOOL,0.7
Control del Azar,CATAN,1.9
Control del Azar,Cat in the Box: Deluxe Edition,0.8
Control del Azar,"Easy Come, Easy Go",3
Control del Azar,Dale un piñatazo,1.7
Control del Azar,The Enchanted Tower,2
Control del Azar,Weapon Wars,0.7
Control del Azar,Virus!,0.7
Control del Azar,Friegas Tú,0.9
Control del Azar,Zombie Dice,3.9
Control del Azar,Boombeados,1.7
Control del Azar,Manda Huevos!,0.7
Control del Azar,Spot it!,0.9
Control del Azar,Don't L.L.A.M.A. Dice,2
Control del Azar,Risk Strike,1
Control del Azar,One Deck Dungeon: Forest of Shadows,1
Control del Azar,Cover Your Assets,0.7
Control del Azar,Sheep Sheep Hurra!,0.7
Control del Azar,Impact: Battle of Elements,1
Control del Azar,The Oregon Trail Card Game,1
Control del Azar,Coloretto,1.7
Control del Azar,Synthesis,0.7
Control del Azar,Nosferatu,1
Control del Azar,The Siblings Trouble,1
Control del Azar,Trash War,0.7
Control del Azar,Teetotum,1
Control del Azar,Risk: Godstorm,1
Control del Azar,Risk,1
Control del Azar,Nexus Ops,1.7
Control del Azar,Small World,1.7
Control del Azar,Hannibal: Rome vs. Carthage,1
Control del Azar,Cyclades,1
Control del Azar,Tigris & Euphrates,0.7
Control del Azar,Survive: Escape from Atlantis!,1.7
Control del Azar,Escape: Zombie City,1
Control del Azar,Gaia Project,0.7
Control del Azar,King of Tokyo,3.9
Control del Azar,King of Tokyo: Dark Edition,2
Control del Azar,Gekido: Bot Battles,1
Control del Azar,ZinZig,1
Control del Azar,Maratón Clásico,1
Control del Azar,Pictopia: Disney Edition,1
Control del Azar,Monopoly: Stranger Things,1
Control del Azar,Monopoly Gamer,1.7
Control del Azar,Backgammon,2
Control del Azar,Clue,1
Control del Azar,Zombie-opoly,1
Control del Azar,Coup,0.7
Control del Azar,Saboteur,0.7
Control del Azar,BANG!,1.6
Control del Azar,Tortuga,1
Control del Azar,Love Letter,0.7
Control del Azar,BANG! The Dice Game,3
Control del Azar,Chinatown,0.7
Control del Azar,North Wind,2
Control del Azar,Spicy Dice,2
Control del Azar,Exploding Kittens,2.5999999999999996
Control del Azar,Throw Throw Burrito,0.7
Control del Azar,You've Got Crabs,0.7
Control del Azar,The Game,2
Control del Azar,Betrayal at House on the Hill,1
Control del Azar,Castle Panic,1
Control del Azar,Dead of Winter: A Crossroads Game,2
Control del Azar,Dancing Eggs,1
Control del Azar,Spooky Stairs,1
Control del Azar,The Color Monster,1
Control del Azar,Feuerdrachen,1
Control del Azar,Paul and the Moon,1
Control del Azar,Chuck-It Chicken!,1
Control del Azar,Spinderella,1
Control del Azar,Dice Hospital,1
Control del Azar,Animal Upon Animal,1
Control del Azar,Suspend,1
Control del Azar,UNO Stacko,1
Control del Azar,Penguin Trap,1
Control del Azar,Bugs in the Kitchen,1
Control del Azar,Catch the Moon,1
Control del Azar,Manila,1
Control del Azar,The Taverns of Tiefenthal,1
Control del Azar,Ticket to Ride,1
Control del Azar,Luxor,2
Control del Azar,Dominion,0.7
Control del Azar,Western Legends,1.7
Control del Azar,The Quacks of Quedlinburg,2.9
Control del Azar,The Castles of Burgundy,1
Control del Azar,Baseball Highlights: 2045,0.7
Control del Azar,Welcome to Centerville,1
Control del Azar,Roll for the Galaxy,1
Control del Azar,Rajas of the Ganges,1
Control del Azar,Lords of Waterdeep,0.7
Control del Azar,Elysium,0.7
Control del Azar,Coach and Play,0.7
Control del Azar,Camel Up,2
Control del Azar,Crazy Karts,0.7
Control del Azar,Downforce,0.8
Control del Azar,Chariot Race,1.9
Control del Azar,Jamaica,3.4000000000000004
Control del Azar,"Run for Your Life, Candyman!",1
Control del Azar,Cartographers,0.8
Control del Azar,Reef,0.6
Control del Azar,Draftosaurus,1
Control del Azar,Dragoon,1
Control del Azar,Vast: The Crystal Caverns,1.7
Control del Azar,Dragon Rampage,1
Control del Azar,Clank!: A Deck-Building Adventure,1
Control del Azar,Clank!: Sunken Treasures,1
Control del Azar,Codenames,1
Control del Azar,Tic Tac K.O.: Cute vs Evil – Boom Promo Card,0.7
Control del Azar,NMBR 9,1.4
Control del Azar,Takenoko,1
Control del Azar,Greedy Greedy Goblins,1
Control del Azar,Ogre,1
Control del Azar,Munchkin,0.7
Control del Azar,Codenames: Duet,1
Control del Azar,Dodos Riding Dinos,2.7
Control del Azar,Scythe,1.4
Control del Azar,Emerge,2
Control del Azar,Power Grid,0.9
Control del Azar,Root,1.7
Control del Azar,Glow,4.6
Control del Azar,7 Summits,2.9
Control del Azar,Tierra y Libertad: The Mexican Revolution Game (Second Edition),1
Control del Azar,Dragon Keepers,2
Control del Azar,Call to Adventure,1
Control del Azar,Rush Hour,1
Control del Azar,Sushi Roll,1
Control del Azar,Loteria,0.8
Control del Azar,Upwords,0.6
Control del Azar,The Game of Life (2013- Editions),1
Control del Azar,Monopoly,1
Control del Azar,7 Wonders Duel,1.2999999999999998
Control del Azar,Star Wars: The Mandalorian – La busqueda,1
Control del Azar,Mal Trago,1.7
Control del Azar,Pickomino,3.7
Control del Azar,El tanque the bite game,1
Control del Azar,The Magic Labyrinth,2
Control del Azar,King of the Dice,3
Control del Azar,Carcassonne: Expansion 3 – The Princess & The Dragon,0.7
Control del Azar,UNO Flip!,0.7
Control del Azar,L.L.A.M.A.,1
Control del Azar,No Thanks!,1
Control del Azar,The Settlers of Catan: The Fishermen of Catan,1
Control del Azar,Fruit Ninja Card Game,1
"Manipulación, Engaño y Comunicación",Card Game: The Card Game,1
"Manipulación, Engaño y Comunicación",You're Getting Old,1.8
"Manipulación, Engaño y Comunicación",Wavelength,0.8
"Manipulación, Engaño y Comunicación",Flamme Rouge,1.8
"Manipulación, Engaño y Comunicación",Zendo,1.8
"Manipulación, Engaño y Comunicación",Dixit,1.6
"Manipulación, Engaño y Comunicación",Ca$h 'n Guns: Second Edition,1.8
"Manipulación, Engaño y Comunicación",Pana Po'o,0.9
"Manipulación, Engaño y Comunicación",Pick Your Poison,0.8
"Manipulación, Engaño y Comunicación",The Mind,0.9
"Manipulación, Engaño y Comunicación",La Rata Ricarda,1
"Manipulación, Engaño y Comunicación",Regicide,0.9
"Manipulación, Engaño y Comunicación",The Crew: The Quest for Planet Nine,0.9
"Manipulación, Engaño y Comunicación",Battlestar Galactica: Starship Battles – Starter Set,1.8
"Manipulación, Engaño y Comunicación",Jekyll vs. Hyde,0.6
"Manipulación, Engaño y Comunicación",Dungeon Raiders,1.8
"Manipulación, Engaño y Comunicación",Tiny Epic Galaxies BLAST OFF!,0.8
"Manipulación, Engaño y Comunicación",J'Accuse!,2.6
"Manipulación, Engaño y Comunicación",AntaYagí,1.9
"Manipulación, Engaño y Comunicación",Before the Earth Explodes,1.8
"Manipulación, Engaño y Comunicación",The Red Dragon Inn,1
"Manipulación, Engaño y Comunicación",Sky Team,0.9
"Manipulación, Engaño y Comunicación",Legend of the Five Rings: The Card Game,1.8
"Manipulación, Engaño y Comunicación",Fight for Olympus,0.6
"Manipulación, Engaño y Comunicación",Timeline Challenge,2.8
"Manipulación, Engaño y Comunicación",Struggle of Empires,0.8
"Manipulación, Engaño y Comunicación",Space Gate Odyssey,0.8
"Manipulación, Engaño y Comunicación",Terra,1
"Manipulación, Engaño y Comunicación",CATAN,1
"Manipulación, Engaño y Comunicación",Take 5,1.8
"Manipulación, Engaño y Comunicación",The Oregon Trail Card Game,0.9
"Manipulación, Engaño y Comunicación",Lapsus,0.9
"Manipulación, Engaño y Comunicación",Nosferatu,1
"Manipulación, Engaño y Comunicación",Heroes and Tricks,0.9
"Manipulación, Engaño y Comunicación",Teetotum,1
"Manipulación, Engaño y Comunicación",Clue: Rivals Edition,0.9
"Manipulación, Engaño y Comunicación",7 Wonders,1.8
"Manipulación, Engaño y Comunicación",A Game of Thrones: The Board Game (Second Edition),3.6
"Manipulación, Engaño y Comunicación",Bohnanza,1
"Manipulación, Engaño y Comunicación",Hedbanz for Adults!,0.9
"Manipulación, Engaño y Comunicación",Pictopia: Disney Edition,3.5999999999999996
"Manipulación, Engaño y Comunicación",Guess Who?,0.9
"Manipulación, Engaño y Comunicación",Backgammon,1
"Manipulación, Engaño y Comunicación",Clue,0.9
"Manipulación, Engaño y Comunicación",Super Mario: Level Up! Board Game,0.8
"Manipulación, Engaño y Comunicación",Salem,2.6
"Manipulación, Engaño y Comunicación",Coup,1
"Manipulación, Engaño y Comunicación",Saboteur,2
"Manipulación, Engaño y Comunicación",BANG!,1
"Manipulación, Engaño y Comunicación",Love Letter,0.9
"Manipulación, Engaño y Comunicación",One Night Ultimate Alien,3.8
"Manipulación, Engaño y Comunicación",BANG! The Dice Game,1
"Manipulación, Engaño y Comunicación",The Resistance,5.6
"Manipulación, Engaño y Comunicación",Werewords,3.8
"Manipulación, Engaño y Comunicación",One Night Ultimate Werewolf: Daybreak,3.8
"Manipulación, Engaño y Comunicación",Chinatown,1
"Manipulación, Engaño y Comunicación",Sheriff of Nottingham,2.9
"Manipulación, Engaño y Comunicación",Sheriff of Nottingham: 2nd Edition,0.9
"Manipulación, Engaño y Comunicación",You've Got Crabs,1.8
"Manipulación, Engaño y Comunicación",What Do You Meme?,1.8
"Manipulación, Engaño y Comunicación",Cards Against Humanity,2.8
"Manipulación, Engaño y Comunicación",Joking Hazard,2.8
"Manipulación, Engaño y Comunicación",Sherlock: The Tomb of the Archaeologist,0.9
"Manipulación, Engaño y Comunicación",Trapwords,0.9
"Manipulación, Engaño y Comunicación",Betrayal at House on the Hill,1
"Manipulación, Engaño y Comunicación",Castle Panic,0.9
"Manipulación, Engaño y Comunicación",Magic Maze,0.9
"Manipulación, Engaño y Comunicación",Dead of Winter: A Crossroads Game,2.7
"Manipulación, Engaño y Comunicación",Mysterium,2.6
"Manipulación, Engaño y Comunicación",Spirit Island,1.8
"Manipulación, Engaño y Comunicación",Hadara,1.8
"Manipulación, Engaño y Comunicación",Broom Service,2.6
"Manipulación, Engaño y Comunicación",Manila,1
"Manipulación, Engaño y Comunicación",Fresco,1.8
"Manipulación, Engaño y Comunicación",Western Legends,1
"Manipulación, Engaño y Comunicación",The Quacks of Quedlinburg,1.8
"Manipulación, Engaño y Comunicación",Puerto Rico,0.8
"Manipulación, Engaño y Comunicación",Roll for the Galaxy,2.6
"Manipulación, Engaño y Comunicación",Lords of Waterdeep,1
"Manipulación, Engaño y Comunicación",Scotland Yard,0.8
"Manipulación, Engaño y Comunicación",Camel Up,1
"Manipulación, Engaño y Comunicación",Crazy Karts,3.6999999999999997
"Manipulación, Engaño y Comunicación",Downforce,1
"Manipulación, Engaño y Comunicación",Jamaica,1.8
"Manipulación, Engaño y Comunicación",K2,1.8
"Manipulación, Engaño y Comunicación",Cartographers,1.8
"Manipulación, Engaño y Comunicación",Draftosaurus,1.8
"Manipulación, Engaño y Comunicación",Concept,0.9
"Manipulación, Engaño y Comunicación",Sushi Go!,1.8
"Manipulación, Engaño y Comunicación",Sushi Go Party!,1.8
"Manipulación, Engaño y Comunicación",Codenames,0.9
"Manipulación, Engaño y Comunicación",Taboo,0.9
"Manipulación, Engaño y Comunicación",Apples to Apples,2.8
"Manipulación, Engaño y Comunicación",Just One,0.9
"Manipulación, Engaño y Comunicación",NMBR 9,1.8
"Manipulación, Engaño y Comunicación",Medium,1.7000000000000002
"Manipulación, Engaño y Comunicación",Secret Hitler,2.8
"Manipulación, Engaño y Comunicación",Abandon Planet,1.8
"Manipulación, Engaño y Comunicación",Codenames: Duet,0.9
"Manipulación, Engaño y Comunicación",Colourbrain,2.6
"Manipulación, Engaño y Comunicación",That Sound Game,0.9
"Manipulación, Engaño y Comunicación",Dodos Riding Dinos,1.8
"Manipulación, Engaño y Comunicación",Robo Rally,1.8
"Manipulación, Engaño y Comunicación",Shamans,1.9
"Manipulación, Engaño y Comunicación",Root,1
"Manipulación, Engaño y Comunicación",Dragon Keepers,1.8
"Manipulación, Engaño y Comunicación",Mini Crimes: Like Cat and Mouse,0.9
"Manipulación, Engaño y Comunicación",When I Dream,1.9
"Manipulación, Engaño y Comunicación",Deception,1
"Manipulación, Engaño y Comunicación",Loteria,1
"Manipulación, Engaño y Comunicación",Battleship,0.9
"Manipulación, Engaño y Comunicación",7 Wonders Duel,0.6
"Manipulación, Engaño y Comunicación",Mal Trago,0.8
"Manipulación, Engaño y Comunicación",Dixit: Odyssey,1.6
"Manipulación, Engaño y Comunicación",Happy Salmon,1.8
"Manipulación, Engaño y Comunicación",Clue: Card Game,0.9
"Manipulación, Engaño y Comunicación",Pit,1
"Manipulación, Engaño y Comunicación",Gerónimooo!!!,1
Expansión y Desarrollo de Civilizaciones,Photosynthesis,1.8
Expansión y Desarrollo de Civilizaciones,Yangtze,0.7
Expansión y Desarrollo de Civilizaciones,Kingdomino,0.8
Expansión y Desarrollo de Civilizaciones,Baruka,1.6
Expansión y Desarrollo de Civilizaciones,Forbidden Jungle,1.5
Expansión y Desarrollo de Civilizaciones,Forbidden Desert,2.2
Expansión y Desarrollo de Civilizaciones,Potion Explosion,0.8
Expansión y Desarrollo de Civilizaciones,Flamme Rouge,0.7
Expansión y Desarrollo de Civilizaciones,Fantastic Park,0.8
Expansión y Desarrollo de Civilizaciones,My Little Scythe,2.6
Expansión y Desarrollo de Civilizaciones,Hanamikoji,0.9
Expansión y Desarrollo de Civilizaciones,Gems of Iridescia,1
Expansión y Desarrollo de Civilizaciones,Kill The Unicorns,0.7
Expansión y Desarrollo de Civilizaciones,Zombicide: Black Plague,0.7
Expansión y Desarrollo de Civilizaciones,Flash Point: Fire Rescue,0.7
Expansión y Desarrollo de Civilizaciones,Dead Men Tell No Tales,1.4
Expansión y Desarrollo de Civilizaciones,How to Rob a Bank,0.7
Expansión y Desarrollo de Civilizaciones,Acquire,2.4000000000000004
Expansión y Desarrollo de Civilizaciones,Vegas Showdown,2.4000000000000004
Expansión y Desarrollo de Civilizaciones,Kanban: Driver's Edition,1
Expansión y Desarrollo de Civilizaciones,Stone Age,1.8
Expansión y Desarrollo de Civilizaciones,La Rata Ricarda,0.8
Expansión y Desarrollo de Civilizaciones,Regicide,0.8
Expansión y Desarrollo de Civilizaciones,Silk,1.9
Expansión y Desarrollo de Civilizaciones,Meeple Company,1
Expansión y Desarrollo de Civilizaciones,Calico,0.8
Expansión y Desarrollo de Civilizaciones,"Hey, That's My Fish!",1.5
Expansión y Desarrollo de Civilizaciones,Oceania,1.7000000000000002
Expansión y Desarrollo de Civilizaciones,Splendor Duel,0.8
Expansión y Desarrollo de Civilizaciones,12 Days,0.7
Expansión y Desarrollo de Civilizaciones,AntaYagí,0.7
Expansión y Desarrollo de Civilizaciones,Guerras Gato,0.9
Expansión y Desarrollo de Civilizaciones,Merchants of Dunhuang,0.7
Expansión y Desarrollo de Civilizaciones,Valley of the Kings,0.9
Expansión y Desarrollo de Civilizaciones,Hero Realms,0.9
Expansión y Desarrollo de Civilizaciones,Star Realms,2.6
Expansión y Desarrollo de Civilizaciones,Trending Kittens,0.9
Expansión y Desarrollo de Civilizaciones,Dwarven Smithy,0.9
Expansión y Desarrollo de Civilizaciones,Aqualin,0.8
Expansión y Desarrollo de Civilizaciones,Everdell,3.5
Expansión y Desarrollo de Civilizaciones,Everdell Farshore,1
Expansión y Desarrollo de Civilizaciones,Modern Art,1.4
Expansión y Desarrollo de Civilizaciones,Kanagawa,1
Expansión y Desarrollo de Civilizaciones,Cascadia,2.3
Expansión y Desarrollo de Civilizaciones,Planet,0.8
Expansión y Desarrollo de Civilizaciones,Tokaido,1
Expansión y Desarrollo de Civilizaciones,Struggle of Empires,1.6
Expansión y Desarrollo de Civilizaciones,Tzolk'in: The Mayan Calendar,1
Expansión y Desarrollo de Civilizaciones,Holi: Festival of Colors,0.9
Expansión y Desarrollo de Civilizaciones,Ishtar: Gardens of Babylon,1.7000000000000002
Expansión y Desarrollo de Civilizaciones,Oaxaca: Crafts of a Culture,0.9
Expansión y Desarrollo de Civilizaciones,Terraforming Mars,5.0
Expansión y Desarrollo de Civilizaciones,Space Gate Odyssey,0.8
Expansión y Desarrollo de Civilizaciones,Galaxies: The UFO Project,0.8
Expansión y Desarrollo de Civilizaciones,Dune: Imperium,1.9
Expansión y Desarrollo de Civilizaciones,Patchwork,2.4000000000000004
Expansión y Desarrollo de Civilizaciones,Othello,0.8
Expansión y Desarrollo de Civilizaciones,Splendor,0.8
Expansión y Desarrollo de Civilizaciones,Century: A New World,2.6
Expansión y Desarrollo de Civilizaciones,Century: Eastern Wonders,2.2
Expansión y Desarrollo de Civilizaciones,Century: Golem Edition,1.7000000000000002
Expansión y Desarrollo de Civilizaciones,Carcassonne,2.5
Expansión y Desarrollo de Civilizaciones,CATAN,2.4000000000000004
Expansión y Desarrollo de Civilizaciones,Sea Dragons,3.2
Expansión y Desarrollo de Civilizaciones,Cosmoctopus,1.5
Expansión y Desarrollo de Civilizaciones,3 Ring Circus,0.9
Expansión y Desarrollo de Civilizaciones,Savernake Forest,1.6
Expansión y Desarrollo de Civilizaciones,One Deck Dungeon: Forest of Shadows,0.9
Expansión y Desarrollo de Civilizaciones,Mazescape: Labýrinthos,0.7
Expansión y Desarrollo de Civilizaciones,Bump in the Night,0.7
Expansión y Desarrollo de Civilizaciones,La tumba del rey Pakal,0.9
Expansión y Desarrollo de Civilizaciones,Risk: Godstorm,0.9
Expansión y Desarrollo de Civilizaciones,Risk,0.9
Expansión y Desarrollo de Civilizaciones,Nexus Ops,1.6
Expansión y Desarrollo de Civilizaciones,Small World,2.4000000000000004
Expansión y Desarrollo de Civilizaciones,A Game of Thrones: The Board Game (Second Edition),1.6
Expansión y Desarrollo de Civilizaciones,Hannibal: Rome vs. Carthage,0.9
Expansión y Desarrollo de Civilizaciones,Cyclades,1.6
Expansión y Desarrollo de Civilizaciones,Tigris & Euphrates,2.6
Expansión y Desarrollo de Civilizaciones,Torres,1.7000000000000002
Expansión y Desarrollo de Civilizaciones,Survive: Escape from Atlantis!,0.7
Expansión y Desarrollo de Civilizaciones,Escape: Zombie City,1.5
Expansión y Desarrollo de Civilizaciones,Gaia Project,4.1000000000000005
Expansión y Desarrollo de Civilizaciones,Imhotep,2.6
Expansión y Desarrollo de Civilizaciones,Dominion: Intrigue,1.7000000000000002
Expansión y Desarrollo de Civilizaciones,Scrabble,0.8
Expansión y Desarrollo de Civilizaciones,PitchCar,0.7
Expansión y Desarrollo de Civilizaciones,Monopoly: Stranger Things,0.7
Expansión y Desarrollo de Civilizaciones,Zombie-opoly,0.9
Expansión y Desarrollo de Civilizaciones,Saboteur,0.8
Expansión y Desarrollo de Civilizaciones,Tortuga,0.7
Expansión y Desarrollo de Civilizaciones,Chinatown,2.4000000000000004
Expansión y Desarrollo de Civilizaciones,Sheriff of Nottingham: Merry Men,0.8
Expansión y Desarrollo de Civilizaciones,Trapwords,0.7
Expansión y Desarrollo de Civilizaciones,Betrayal at House on the Hill,1.5
Expansión y Desarrollo de Civilizaciones,Magic Maze,1.5
Expansión y Desarrollo de Civilizaciones,Spirit Island,3.3999999999999995
Expansión y Desarrollo de Civilizaciones,Marvel Champions: The Card Game,0.8
Expansión y Desarrollo de Civilizaciones,Dice Hospital,0.7
Expansión y Desarrollo de Civilizaciones,Bugs in the Kitchen,0.8
Expansión y Desarrollo de Civilizaciones,Broom Service,0.7
Expansión y Desarrollo de Civilizaciones,Notre Dame,0.9
Expansión y Desarrollo de Civilizaciones,Manila,1.7
Expansión y Desarrollo de Civilizaciones,New York 1901,1.7000000000000002
Expansión y Desarrollo de Civilizaciones,The Taverns of Tiefenthal,1.9
Expansión y Desarrollo de Civilizaciones,Ticket to Ride,0.8
Expansión y Desarrollo de Civilizaciones,Fresco,1.9
Expansión y Desarrollo de Civilizaciones,Luxor,0.7
Expansión y Desarrollo de Civilizaciones,Ex Libris,1.8
Expansión y Desarrollo de Civilizaciones,Bunny Kingdom,0.9
Expansión y Desarrollo de Civilizaciones,Dominion,1.7000000000000002
Expansión y Desarrollo de Civilizaciones,Western Legends,0.7
Expansión y Desarrollo de Civilizaciones,The Quacks of Quedlinburg,1.7000000000000002
Expansión y Desarrollo de Civilizaciones,Magic: The Gathering – Heroes of Dominaria Board Game,1.7
Expansión y Desarrollo de Civilizaciones,The Castles of Burgundy,1.6
Expansión y Desarrollo de Civilizaciones,Baseball Highlights: 2045,0.9
Expansión y Desarrollo de Civilizaciones,Ora et Labora,1.7
Expansión y Desarrollo de Civilizaciones,Agricola,2
Expansión y Desarrollo de Civilizaciones,Newton,4.3999999999999995
Expansión y Desarrollo de Civilizaciones,Cytosis: A Cell Biology Board Game,1
Expansión y Desarrollo de Civilizaciones,Welcome to Centerville,0.9
Expansión y Desarrollo de Civilizaciones,Cacao,2.5
Expansión y Desarrollo de Civilizaciones,Roll for the Galaxy,1.7000000000000002
Expansión y Desarrollo de Civilizaciones,Rajas of the Ganges,1.8
Expansión y Desarrollo de Civilizaciones,Lords of Waterdeep,1.8
Expansión y Desarrollo de Civilizaciones,The World of Smog: On Her Majesty's Service,0.7
Expansión y Desarrollo de Civilizaciones,Elysium,0.8
Expansión y Desarrollo de Civilizaciones,Railways of the World,2.4000000000000004
Expansión y Desarrollo de Civilizaciones,Escape Plan,1.5
Expansión y Desarrollo de Civilizaciones,Camel Up,0.8
Expansión y Desarrollo de Civilizaciones,Crazy Karts,1.6
Expansión y Desarrollo de Civilizaciones,Downforce,0.7
Expansión y Desarrollo de Civilizaciones,Jamaica,0.7
Expansión y Desarrollo de Civilizaciones,Hare & Tortoise,0.9
Expansión y Desarrollo de Civilizaciones,Cartographers,0.8
Expansión y Desarrollo de Civilizaciones,Reef,0.8
Expansión y Desarrollo de Civilizaciones,Bosk,0.9
Expansión y Desarrollo de Civilizaciones,Azul,0.8
Expansión y Desarrollo de Civilizaciones,Azul: Stained Glass of Sintra,1.5
Expansión y Desarrollo de Civilizaciones,Azul: Summer Pavilion,0.8
Expansión y Desarrollo de Civilizaciones,Battle Sheep,0.7
Expansión y Desarrollo de Civilizaciones,Blokus,0.8
Expansión y Desarrollo de Civilizaciones,Qwirkle,0.8
Expansión y Desarrollo de Civilizaciones,Dragoon,1.7000000000000002
Expansión y Desarrollo de Civilizaciones,Vast: The Crystal Caverns,2.2
Expansión y Desarrollo de Civilizaciones,Dragon Rampage,0.9
Expansión y Desarrollo de Civilizaciones,Tsuro,0.8
Expansión y Desarrollo de Civilizaciones,Clank!: A Deck-Building Adventure,1.7000000000000002
Expansión y Desarrollo de Civilizaciones,Clank!: Sunken Treasures,2.4000000000000004
Expansión y Desarrollo de Civilizaciones,Sushi Go Party!,0.8
Expansión y Desarrollo de Civilizaciones,NMBR 9,0.8
Expansión y Desarrollo de Civilizaciones,Takenoko,2.3
Expansión y Desarrollo de Civilizaciones,Adventure Land,0.7
Expansión y Desarrollo de Civilizaciones,Greedy Greedy Goblins,0.8
Expansión y Desarrollo de Civilizaciones,Ogre,0.8
Expansión y Desarrollo de Civilizaciones,Abandon Planet,1.7
Expansión y Desarrollo de Civilizaciones,For Sale,0.7
Expansión y Desarrollo de Civilizaciones,Robo Rally,0.7
Expansión y Desarrollo de Civilizaciones,Patria Libre,0.9
Expansión y Desarrollo de Civilizaciones,Scythe,4.2
Expansión y Desarrollo de Civilizaciones,Power Grid,3.3
Expansión y Desarrollo de Civilizaciones,Root,1.7000000000000002
Expansión y Desarrollo de Civilizaciones,Glow,0.7
Expansión y Desarrollo de Civilizaciones,Tierra y Libertad: The Mexican Revolution Game (Second Edition),1.9
Expansión y Desarrollo de Civilizaciones,Call to Adventure,0.9
Expansión y Desarrollo de Civilizaciones,Kingdom Rush: Rift in Time,1.5
Expansión y Desarrollo de Civilizaciones,Kiwi Chow Down,1.8
Expansión y Desarrollo de Civilizaciones,Butterfly Garden,0.8
Expansión y Desarrollo de Civilizaciones,Loteria,0.7
Expansión y Desarrollo de Civilizaciones,Upwords,0.8
Expansión y Desarrollo de Civilizaciones,Monopoly,1.6
Expansión y Desarrollo de Civilizaciones,7 Wonders Duel,5.0
Expansión y Desarrollo de Civilizaciones,Stella,0.8
Expansión y Desarrollo de Civilizaciones,Labyrinth,1.5
Expansión y Desarrollo de Civilizaciones,King of the Dice,0.8
Expansión y Desarrollo de Civilizaciones,Eight-Minute Empire,0.9
Expansión y Desarrollo de Civilizaciones,Card Game,0.9
Expansión y Desarrollo de Civilizaciones,Viva la Fotosíntesis,0.8
Expansión y Desarrollo de Civilizaciones,Carcassonne: Expansion 4 – The Tower,1.7000000000000002
Expansión y Desarrollo de Civilizaciones,Carcassonne: Expansion 7 – The Catapult,1.7000000000000002
Expansión y Desarrollo de Civilizaciones,Carcassonne: Expansion 3 – The Princess & The Dragon,1.7000000000000002
Expansión y Desarrollo de Civilizaciones,Carcassonne: Expansion 2 – Traders & Builders,1.7000000000000002
Expansión y Desarrollo de Civilizaciones,The Settlers of Catan: The Fishermen of Catan,0.7
Expansión y Desarrollo de Civilizaciones,Hive Pocket,0.8
Expansión y Desarrollo de Civilizaciones,LYNGK,0.8
Expansión y Desarrollo de Civilizaciones,Kabaleo,0.8
Expansión y Desarrollo de Civilizaciones,Jaipur,0.9
Expansión y Desarrollo de Civilizaciones,Viticulture,2.7
